<?xml version="1.0"?>
<data grt_format="2.0">
  <value _ptr_="00000272DA53AA30" type="list" content-type="object" content-struct-name="db.mgmt.ServerInstance">
    <value type="object" struct-name="db.mgmt.ServerInstance" id="{3A1B8340-BB23-4B17-97EC-4EF33395120B}" struct-checksum="0x367436e2">
      <link type="object" struct-name="db.mgmt.Connection" key="connection">{EA1E051D-EA6D-4BA0-A1F1-7FD54B92857E}</link>
      <value _ptr_="00000272DB484680" type="dict" key="loginInfo">
        <value type="string" key="wmi.hostName"></value>
        <value type="string" key="wmi.userName"></value>
      </value>
      <value _ptr_="00000272DB485340" type="dict" key="serverInfo">
        <value type="string" key="basedir">C:\Program Files\MySQL\MySQL Server 8.0\</value>
        <value type="string" key="datadir">C:\ProgramData\MySQL\MySQL Server 8.0\Data\</value>
        <value type="string" key="errorLogFilePath">DESKTOP-2DG9SHS.err</value>
        <value type="string" key="generalLogFilePath">DESKTOP-2DG9SHS.log</value>
        <value type="string" key="serverVersion">8.0.18</value>
        <value type="int" key="setupPending">0</value>
        <value type="int" key="slowLogEnabled">1</value>
        <value type="string" key="slowLogFilePath">DESKTOP-2DG9SHS-slow.log</value>
        <value type="string" key="sys.config.path">C:\ProgramData\MySQL\MySQL Server 8.0\my.ini</value>
        <value type="int" key="sys.config.path.lock">1</value>
        <value type="string" key="sys.config.section">mysqld</value>
        <value type="string" key="sys.mysqld.service_name">MySQL80</value>
        <value type="string" key="sys.preset">Custom</value>
        <value type="string" key="sys.sudo"></value>
        <value type="string" key="sys.system">Windows</value>
        <value type="int" key="sys.usesudo">0</value>
        <value type="int" key="sys.usesudostatus">0</value>
        <value type="int" key="windowsAdmin">1</value>
      </value>
      <value type="string" key="name">Local MySQL80</value>
    </value>
    <value type="object" struct-name="db.mgmt.ServerInstance" id="{7B8991F0-EF0C-4E21-873C-1E9D78EF07D0}" struct-checksum="0x367436e2">
      <link type="object" struct-name="db.mgmt.Connection" key="connection">{EA1E051D-EA6D-4BA0-A1F1-7FD54B92857E}</link>
      <value _ptr_="00000272DB485C40" type="dict" key="loginInfo">
        <value type="string" key="wmi.hostName"></value>
        <value type="string" key="wmi.userName"></value>
      </value>
      <value _ptr_="00000272DB486000" type="dict" key="serverInfo">
        <value type="int" key="setupPending">1</value>
        <value type="string" key="sys.config.path">C:\ProgramData\MySQL\MySQL Server 8.0\my.ini</value>
        <value type="int" key="sys.config.path.lock">1</value>
        <value type="string" key="sys.config.section">mysqld</value>
        <value type="string" key="sys.mysqld.service_name">MySQL80</value>
        <value type="string" key="sys.preset">Custom</value>
        <value type="string" key="sys.system">Windows</value>
        <value type="int" key="windowsAdmin">1</value>
      </value>
      <value type="string" key="name">Local MySQL80</value>
    </value>
  </value>
</data>
